{
  "base_case": {
    "S1": {
      "lcoh": 0.9770559199736641,
      "lcoh_incl_cbam": 1.025484005393664,
      "total_co2": 9.07336
    },
    "S2": {
      "lcoh": 4.938096857026194,
      "lcoh_incl_cbam": 6.778569650926194,
      "total_co2": 31.080000000000002
    },
    "S3": {
      "lcoh": 4.134817160325615,
      "lcoh_incl_cbam": 5.326830651825615,
      "total_co2": 23.1168
    },
    "S4": {
      "lcoh": 4.332013944208305,
      "lcoh_incl_cbam": 5.373431655100306,
      "total_co2": 21.267456000000006
    },
    "S5": {
      "lcoh": 4.712737160325615,
      "lcoh_incl_cbam": 4.712737160325615,
      "total_co2": 0.0
    }
  },
  "series": {
    "years": [
      2026,
      2027,
      2028,
      2029,
      2030,
      2031,
      2032,
      2033,
      2034,
      2035,
      2036,
      2037,
      2038,
      2039,
      2040
    ],
    "S1": [
      1.025484005393664,
      1.0467226776557719,
      1.0871553028947871,
      1.1853490031981326,
      1.390430964556003,
      1.4981841917588414,
      1.6099291052051043,
      1.7257794085391167,
      1.8582186593557912,
      1.8778338447829261,
      1.8978856754313633,
      1.9183838712729075,
      1.9393383686514816,
      1.9607593250996946,
      1.9826571242626294
    ],
    "PEM_PPA": [
      5.715096857026195,
      5.516613951315408,
      5.325195532775946,
      5.140585266792668,
      4.962536284788886,
      4.79081082920522,
      4.625179911970664,
      4.4654229859474786,
      4.3113276288515525,
      4.162689239169206,
      4.019310743609999,
      3.881002315652935,
      3.747581104760533,
      3.6188709758518165,
      3.494702258640996
    ],
    "S5": [
      4.712737160325615,
      4.482848786382702,
      4.265102514876364,
      4.058835867660407,
      3.8634234733574067,
      3.6782749466293856,
      3.5028328904651755,
      3.336571014272539,
      3.178992360989117,
      3.0296276368268464,
      2.8880336376414943,
      2.753791766273358,
      2.6265066355387607,
      2.505804751865633,
      2.3913332748615885
    ],
    "S5_pess": [
      4.712737160325615,
      4.552598244363673,
      4.39824568504021,
      4.249466604089683,
      4.1060560810971785,
      3.9678168519027746,
      3.834559018568194,
      3.7060997704582834,
      3.5822631160073173,
      3.462879624756902,
      3.347786179268339,
      3.2368257365277997,
      3.129847098477508,
      3.0267046913204365,
      2.9272583532597194
    ],
    "S5_opt": [
      4.712737160325615,
      4.4130993284017315,
      4.1343365230317595,
      3.874933542091384,
      3.633488659626239,
      3.4087049347583056,
      3.1993821965298066,
      3.0044096515770886,
      2.8227590657272117,
      2.6534784744766196,
      2.495686380870804,
      2.3485664025809454,
      2.211362332990394,
      2.083373583881399,
      1.96395097986972
    ],
    "PEM_pess": [
      5.715096857026195,
      5.573524919885671,
      5.435616921487957,
      5.301274608058197,
      5.170402440147033,
      5.042907515866592,
      4.918699496336085,
      4.797690533272583,
      4.679795198664456,
      4.564930416466771,
      4.4530153962597705,
      4.343971568813242,
      4.237722523501281,
      4.134193947513633,
      4.033313566811265
    ],
    "PEM_opt": [
      5.715096857026195,
      5.459702982745146,
      5.21591236343534,
      4.983191493897926,
      4.761031677892009,
      4.548947862338827,
      4.346477526829649,
      4.15317962579162,
      3.9686335807933526,
      3.792438320593347,
      3.6242113666497557,
      3.4635879619199,
      3.3102202408824324,
      3.1637764388144975,
      3.023940138450911
    ]
  }
}